"रोमानिया में रेहान को कंपनी की ओर से एक बड़ा सा बंगला मिलता है, इस बंगले में आने के बाद शायना को हर पल यही लगता है कि बंगले में कोई और भी है। रोमानिया आने के बाद रेहान अब शायना से दूर- दूर रहने लगता है। शायना को लगता है कि रेहान उससे कोई राज छुपा रहा है। दूसरी ओर शायना को बंगले में हर रात...","2"
"अमिताभ बच्चन समेत सभी कलाकारों ने अपनी भूमिका से पिंक में न्याय किया है। क्रिएटिव प्रड्यूसर कहे जाने वाले शुजित सरकार के खाते में विक्की डोनर, मद्रास कैफे और पीके के बाद एक और शानदार फिल्म जुड़ गई है।","4.5"
"इंटरवल से पहले तक ट्रैक पर अपनी रफ्तार से चल रही यह फिल्म इंटरवल के बाद भटक जाती है। फिल्म का सब्जेक्ट नया और मजेदार है, लेकिन प्रस्तुतीकरण की बात करे तो यहां फिल्म कमजोर नजर आती है। कटरीना का बदला नया बोल्ड लुक, कॉस्टयूम बेहतरीन लोकेशन और काला चश्मा जैसा हिट गाना इस फिल्म को कुछ दिलचस्प बनाता है।","2.5"
"लंबे इंतजार के बाद जब अली सिघांनिया के पास जाकर जल्दी रकम देने लिए कहता है, तो सिंघानिया उसे गोल्फ खेलने के लिए चैलेंज करता है। ग्राउंड में गोल्फ की जिस गेंद को सिंघानिया","3"
"'ये तो टू मच हो गया' की कमजोर स्क्रिप्ट और सत्तर के दशक की कहानी के बीच जिमी का कमजोर डबल रोल उनके फैंस को शायद ही पसंद आए। वहीं थाईलैंड की खूबसूरत लोकेशंस के अलावा कॉमिडी के कुछ अच्छे सीन्स इस फिल्म की यूएसपी हैं।","2"
"इंटरवल के बाद ऐसा भी लगता है कहानी ट्रैक से उतर रही है। 'अकीरा' के संघर्ष को साइड करके फिल्म पुलिस और उसके बीच की लुकाछिपी पर ज्यादा फोकस करती है। फिल्म का क्लाइमेक्स ज्यादा असरदार नहीं बन पड़ा है।","3"
"हीरोपंती, बागी के बाद एकबार फिर टाइगर श्रॉफ ने साबित किया कि बॉक्स आफिस पर दर्शकों की भीड़ बटोरने की कला उनमें है। अगर ऐक्शन सीन की बात की जाए तो इस फिल्म में टाइगर सुपरहीरो बने हैं सो इसबार उन्होंने कुछ अलग ही किस्म के ऐक्शन, स्टंट सीन्स किए हैं...","3.5"
"मीरा (तनिष्ठा चटर्जी) ऑस्ट्रेलिया के एक शहर में रहती है। मीरा सिंगल मदर है, लेकिन मीरा की मां (सुप्रिया पाठक) अक्सर अपनी बेटी को सेकंड मैरिज करने की सलाह देती रहती है। कुछ यही हाल विल...","2"
"'बजरंगी भाईजान' में जरूर डायरेक्टर ने कुछ अलग और नया किया था। इस हफ्ते रिलीज हुई 'हैपी भाग जाएगी' भी इस विषय पर बनी टोटली मस्त और हैपी फिल्म है। फिल्म की कहानी दोनों देशों के दो प्रमुख शहरों अमृतसर और लाहौर के बीच घूमती है...","3.5"
"आशुतोष ने इस सब्जेक्ट पर रिसर्च के बाद ही काम शुरू किया होगा, इसका एहसास आपको फिल्म के शुरुआती सीन्स देखकर लगेगा। हालांकि, उन्होंने कहानी को बेवजह कुछ ज्यादा ही लंबा खींच डाला है। इंटरवल से पहले फिल्म आपको किसी ...","3"
"बॉलिवुड में फिल्ममेकर्स के लिए मर्डर मिस्ट्री, सस्पेंस, थ्रिलर ऐसे हॉट सब्जेक्ट हैं जो अक्सर बॉक्स ऑफिस पर हिट रहते हैं, लेकिन ऐसा बहुत कम ही देखने को मिला है जब करीब साढ़े पांच दशक से भी ज्यादा वक्त गुजर चुके किसी सब्जेक्ट पर फिल्में बनाने का जुनून मेकर्स में आज भी बरकरार हो...","4"
"अगर आप राजीव खंडेलवाल के पक्के फैन हैं और सस्पेंस थ्रिलर, हॉट अडल्ट फिल्मों के शौकीन हैं तो 'फीवर' सिर्फ आपके लिए ही है और हां स्विटजरलैंड की बेहतरीन लोकेशन और...","2.5"
"अरशद वारसी और अदिति राव हैदरी दोनों ने खुद को ठेठ बिहारी लुक में दिखने और बिहारी स्टाइल में बोलने की अच्छी कोशिश की है, दोनों अपने रोल में कई जगह ओवर एक्टिंग के भी खूब शिकार हुए। वहीं, बोमन ईरानी के बेटे कायोज ईरानी ने हाफ पैंट के किरदार को सही ढंग से निभाया। बोमन ईरानी को फिल्म में बेहद कम ...","2"
"अजीब विडंबना यह है कि दस साल पहले जिस बच्चे को 2016 में ओलिंपिक में भारत की ओर से गोल्ड का दावेदार माना जा रहा था, वह दावेदार अब गुमनामी के अंधेरे में गुम हो चुका है। बुधिया सिंह अब भुवनेश्वर के कलिंगा स्टेडियम स्पोर्ट्स अथॉरिटी के हॉस्टल में रहता है और उसकी मां भुवनेश्वर की झोपड़पट्टी ...","3.5"
"अगर क्रिकेट पर बनी फिल्मों की बात की जाए, तो सिल्वर स्क्रीन पर ऐसी फिल्म वैसा जादू नहीं बिखेर पाई, जो असली मैदान में नजर आता है। इमरान हाशमी स्टारर 'अजहर' फ्लॉप रही, भले ही वह एक बायोपिक फिल्म रही हो। वहीं क्रिकेट थीम पर बनी दूसरे नामी स्टार्स की भी आधा दर्जन के करीब फिल्में भी कुछ खास नहीं कर पाईं...","3.5"
"बेशक, इरफान और कामत की यह फिल्म शुरुआत में बॉक्स ऑफिस पर दर्शकों की भीड़ न बटोर पाए, लेकिन माउथ पब्लिसिटी के दम पर फिल्म अपनी लागत निकालने के साथ-साथ अच्छा-खासा मुनाफा भी कमाने का दम रखती है। कामत का यह मदारी कॉमन मैन और करप्ट सरकार के बीच के संघर्ष को पेश...","4"
"ऐसा शायद पहली बार हुआ है जब साउथ की कोई फिल्म हिंदी में डब होकर दिल्ली एनसीआर में सवा सौ स्क्रीन्स पर रिलीज हुई हो। रजनी सर की इस फिल्म के डायरेक्टर पी. रंजीत के नाम इससे पहले ही अटकत्ती और मद्रास जैसी सुपर हिट फिल्में दर्ज हैं। ऐसे में रजनीकांत की इस नई फिल्म में रजनी फैंस के लिए बहुत कुछ है।","3.5"
"मस्ती सीरीज़ की हैट-ट्रिक से निर्देशक इंद्र कुमार की कॉमिडी और अडल्ट कॉमिडी","1.5"
"स्टार्ट टू लास्ट तक फिल्म सलमान खान के मजबूत कंधों पर टिकी है। रेवाड़ी के एक छोटे से गांव में रहने वाले हरियाणवी पहलवान के इस किरदार में सलमान ने अपने बेहतरीन अभिनय से जान डाल दी है। देसी पहलवान से विदेशी रेसलर के किरदार को निभाने के लिए सलमान ने भाषा सीखने के साथ...","3.5"
"एक डॉगी की वफादारी पर बेस्ड इस फिल्म में हीरो की हत्या उसके डॉगी के सामने होती है। डॉगी ही हत्यारों से अपने मालिक की हत्या का बदला लेता है...","2"
"थ्री डी तकनीक में जंगल में वॉर के सीन्स के अलावा समुद्री बोट पर जंगल के सैकड़ों जानवरों के साथ टारजन के अटैक सीन का जवाब नहीं। फिल्म की शुरुआत कुछ धीमी रफ्तार से होती है। खासकर बंद कमरों में टारजन के साथ बैठकों के सीन कुछ ज्यादा ही लंबे हो गए हैं, लेकिन आखिरी पंद्रह मिनट की फिल्म का जवाब नहीं...","2.5"
"मुस्तकीन एक दिन रघु की हत्या करके उसकी लाश पुल से पानी में फेंक देता है। बस फिर क्या, विरोधी पार्टियों के साथ विधायक रंजीत ओम इस हत्याकांड को एक मुस्लिम लड़की की वजह से हिंदू लड़के की मौत का रंग देकर पेश करते हैं। इसके बाद पूरा मलिहाबाद हिंदू-मुस्लिम दंगों की चपेट में ऐसा आता है जहां...","2"
"इस बार अनुराग ने ग्लैमर इंडस्ट्री के स्टार्स नहीं, बल्कि अपनी कहानी के किरदारों में फिट होने वाले कलाकारों के साथ काम किया। किसी स्टूडियो में लगाए गए महंगे सेट्स पर नहीं, बल्कि मुंबई की स्लम बस्तियों में जाकर इस फिल्म को बनाया है... तो इस डार्क थ्रिलर फिल्म के साथ आप पहले सीन से...","3.5"
"बिहार की मजूदर के किरदार में आलिया की गजब ऐक्टिंग इस फिल्म की नंबर वन यूएसपी है। बेशक फिल्म में गालियों की जमकर भरमार है, लेकिन कहानी और किरदारों को माहौल के साथ जोड़ने के लिए यह शायद डायरेक्टर की मजबूरी रही होगी","3"
"अगर आप अच्छी फिल्मों के शौकीन है, नागेश की फिल्मों के फैन है तो इस फिल्म को बच्चों के साथ देखने जाए यकीन मानें अगर आप स्क्रीन पर इस बार कुछ नया और अच्छा देखने के शौकीन हैं तो धनक आपके लिए है","3.5"
"अगर दीपक तिजोरी की बात की जाए तो ग्लैमर इंडस्ट्री और दर्शकों में आज भी उनकी पहचान बतौर ऐक्टर ज्यादा बनी हुई है, महेश भट्ट के बैनर तले बनी कई फिल्मों में अपनी ऐक्टिंग का लोहा मनवाने के बाद बतौर डायरेक्टर दीपक ने उप्स और फरेब जैसी फिल्मों से खुद को ऐसा डायरेक्टर साबित करने की अच्छी कोशिश भी की जो लीक से हटकर फिल्म बनाने का दम रखते है।","2.5"
"बिग बी की बेहतरीन एक्टिंग, कोलकाता की बेहतरीन लोकेशन के साथ कुछ अलग और नया देखने वाले दर्शकों की कसौटी पर यह फिल्म खरा उतर सकती है। फिल्म के हर कलाकार ने बेहतर ऐक्टिंग की है।","3.5"
"अगर आपने इससे पहले की दोनों हाउसफुल देखी हैं, तो इतना तो आप जानते ही होंगे कि इस फिल्म को देखने दिमाग घर पर ही छोड़कर जाना होगा। पूरी फिल्म गलतियों से पैदा हुए हास्य से भरी है। लेकिन, गुलज़ार की अल्टिमेट कॉमिडी 'अंगूर...","3.5"
"कहानी की शुरुआत होती है तारा (कल्कि कोचीन) से जो बदहवास कोच्चि के एक अस्पताल में प्रवेश करती है। वहां उसका पति रजत (अर्जुन माथुर ) गंभीर दुर्घटना के बाद कोमा जैसी स्थिति में दाखिल है। तारा और रजत की नई-नई शादी हुई है...","3"
"इस फ्लैट में आने के बाद भी महक का डर खत्म नहीं होता और यहां आकर भी खुद को इस फ्लैट में कैद कर लेती है। फ्लैट में आने के बाद महक को लगता है फ्लैट में एक लाश दफन है। दरअसल, महक और शान के इस फ्लैट में आने से पहले ...","3"
"रामू की तारीफ करनी होगी कि वह वीरप्पन के खौफ को पर्दे पर उतारने में काफी हद तक कामयाब रहे हैं। रामू ने नब्बे के दौर में मीडिया की सुर्खियों में छाए रहे वीरप्पन की चालाकियों और उसके काम करने के तरीके के साथ-साथ उसके शातिरपना अंदाज़ को पर्दे पर ईमानदारी के साथ उतारा...","2.5"
"सरबजीत का किरदार रणदीप हुड्डा के अब तक के फिल्मी करियर का सबसे बेहतरीन किरदार है। सरबजीत के किरदार में हरियाणा के इस जाट स्टार की गजब परफार्मेंस देख आप दंग रह जाएंगे।","3.5"
"नन्हें अजहर के नाना का बस एक ही सपना था कि उनका नाती इंडियन क्रिकेट टीम में सौ टेस्ट मैच खेले...","2.5"
"दिल्ली से शुरू हुई इस रोड जर्नी के दौरान नितिन जब शिवम को बताता है कि वह गे है और जल्दी ही अपनी फैमिली से अलग होने वाला है तो शिवम को अपने डैडी से नफरत हो जाती है। कहानी में टर्न उस वक्त आता है जब शिवम का बेस्ट फ्रेंड उसे बताता है कि गे होना एक बीमारी है और...","2.5"
"राजस्थान की राजकुमारी शिवांगी (मीरा चोपड़ा) के पति वीर (विशाल करवाल) पर एक चुड़ैल का साया है। पति को चुड़ैल के साए से बचाने के मकसद से राजकुमारी अपने एक्स बॉयफ्रेंड जय (शरमन जोशी) से मदद मांगती है, क्योंकि जय तंत्र-मंत्र जानता है और फिर...","1.5"
"सनी लियोनी स्टारर 'वन नाइट स्टैंड' में भी उनकी पिछली मूवी की तरह ही हॉट और बोल्ड सीन्स पर ज्यादा फोकस किया गया है। सेलिना (सनी लियोनी) और उर्विल (तनुज वीरवानी) की मुलाकात एक पब में होती है। पहली ही मुलाकात में कुछ देर एक दूसरे से मुखातिब होने के बाद दोनों एक-दूसरे के बेहद करीब आ जाते हैं और...","1.5"
"इस हफ्ते रिलीज बागी को आप टोटली ऐक्शन मूवी कह सकते हैं, फिल्म की कहानी में कुछ भी नयापन नहीं है लेकिन फिल्म की कमजोर कहानी और किरदारों पर इस फिल्म के बेहतरीन ऐक्शन सीन्स इस कद्र हावी है कि दर्शक कहानी या किरदारों की कमजोरी को भूलाकर इन्हीं ऐक्शन सीन्स के साथ बंध जाता है।","2.5"
"ब्लड बैंक, खून की खरीदारी और इसमें सक्रिय माफिया के आसपास घूमती इस फिल्म को अगर अहमद कम्प्लीट होमवर्क करके शुरू करते तो यकीनन उनकी इस पहल का हर कोई स्वागत करता और बॉक्स ऑफिस पर लाल रंग अपना कुछ रंग दिखाता...","3"
"रिलीज से पहले ही इस फिल्म के टाइटल और मेन किरदारों को लेकर विवाद शुरू हो गया था। हालांकि, सेंसर ने इस फिल्म को ग्रीन सिग्नल दे दिया। इस फिल्म के डायरेक्टर 'मिस 420' और 'घात' जैसी फिल्में बना चुके हैं, लेकिन दोनों बहुत नहीं चलीं...","1.5"
"आगरा शहर की एक छोटी सी कॉलोनी के कुछ घरों में सफाई वगैरह का काम करने वाली कामवाली बाई चंदा सहाय (स्वरा भास्कर) बेशक खुद दसवीं पास नहीं कर पाईं, लेकिन चंदा चाहती है कि उसकी बेटी अपेक्षा सहाय (रिया शुक्ला) दिल लगाकर पढ़े और एक दिन डॉक्टर, इंजिनियर बनकर अपना नाम रोशन करे, लेकिन...","3.5"
"दिल्ली में रहने वाला गौरव चानना बचपन से ही बॉलिवुड के सुपरस्टार सुपर आर्यन खन्ना का जबर्दस्त फैन है...","3.5"
"अगर विक्रम भट्ट स्टाइल और उनकी फिल्मों के दीवाने हैं तो इस फिल्म को देखा जा सकता है। फिल्म में बोल्ड सीन पसंद करने वालों के लिए यह अच्छा ऑप्शन है। भट्ट कैंप पहले भी इस सब्जेक्ट पर फिल्म बना चुके हैं। 'राज', '1920' और 'हेट स्टोरी' जैसी फिल्मों में विक्रम बोल्ड सीन्स पर काफी ज्यादा फोकस...","1.5"
"थ्री डी, टू के और आइमैक्स तकनीक में बनी इस फिल्म को बच्चों और बड़ों की एक ऐसी परफेक्ट फिल्म कह सकते हैं जो पूरी तरह से पैसा वसूल है। बेशक रिलीज़ से पहले 'द जंगल बुक' सोशल साइट्स पर सेंसर बोर्ड से मिले यूए सर्टिफिकेट की वजह से...","4.5"
"दिल्ली में कीया और कबीर की मुलाकातों का सिलसिला बढ़ता है। कीया एक कॉर्पोरेट ऐड कंपनी में ऊंचे पद पर काम करती हैं तो वहीं कबीर नकारा। चंद मुलाकातों के बाद कीया यह जानते हुए कि कबीर सर्विस वगैरह जॉइन करने की बजाए घर संभालना चाहता है और उम्र में उससे छोटा है, उससे ...","3"
"मराठी फिल्म इंडस्ट्री में अपनी खास पहचान बनाने और बॉक्स ऑफिस पर कई सुपर हिट फिल्म देने के बाद निशिकांत कामत ने कम ही वक्त में बॉलिवुड में भी अपनी खास पहचान बना ली है..","3"
"बॉलिवुड में दो भाइयों के बीच अनबन, फैमिली के बीच टूटते रिश्तों को लेकर अब तक दर्जनों फिल्में बन चुकी हैं, दरअसल, ऐसे सब्जेक्ट में डायरेक्टर को हर तरह का मसाला परोसने की काफी हद तक छूट मिल जाती है और इन्हीं में से कोई एक मसाला फिल्म को बॉक्स ऑफिस पर सुपरहिट ...","3.5"
"इस सप्ताह रिलीज हुई ग्लोबल बाबा एक ऐसी ही फिल्म है जिसे मेकर ने पूरी ईमानदारी के साथ स्टार्ट टू लास्ट एक ही ट्रैक पर बनाया है, लेकिन...","2"
"हिमेश ने पहली बार इंडस्ट्री के दिग्गजों शेखर कपूर, कबीर बेदी और नसीरुद्दीन शाह के साथ कैमरा फेस किया है। यह जरूर है कि ऐक्टिंग की फील्ड में हिमेश को अपनी अलग पहचान बनाने के लिए अभी लम्बा सफर तय करना होगा। इस फिल्म में हिमेश ने...","2"
"प्रकाश झा अक्सर अपनी हर नई फिल्म में कोई सोशल मेसेज देने की कोशिश करते है। करीब तेरह साल पहले आई झा की अजय देवगन स्टारर 'गंगाजल' ने बॉक्स आफिस पर जबर्दस्त कामयाबी हासिल की थी। अब जब बॉक्स आफिस पर सीक्वल और रीमेक का ट्रेंड चल निकला है, तो झा ने अपनी इस सुपर हिट फिल्म का सीक्वल बनाकर पेश किया।","3.5"
"फिल्म मेकर की तारीफ करनी होगी कि उन्होंने ऐसे सब्जेक्ट पर ऐसी फिल्म बनाई जो उन दर्शकों की कसौटी पर यकीनन खरी उतरने का दम रखती है जो लीक से हटकर ऐसी फिल्में देखने के शौकीन हैं, जो इंडस्ट्री के टॉप मंहगे स्टार्स के साथ बनी चालू मसालों पर बनी फिल्मों की भीड़ से दूर...","3"
"दिल्ली की मिडिल क्लास फैमिली का रोहित गुप्ता (सलीम दीवान) एक कॉल सेंटर में जॉब करता है, लेकिन ऐक्टर बनने का भूत उस पर सवार है कि अपने ऑफिस में भी अपने इस अधूरे सपने को पूरा में लगा रहता है। मेकर्स के यहां धक्के खाने के बावजूद उसका ऐक्टर बनने का जुनून कम नहीं हो रहा...","3"
"अफगानिस्तान में एक आतंकवादी संगठन का सरगना खलीली (पीयूष मिश्रा) किसी भी सूरत में यह साबित करना चाहता है कि लादेन जिंदा है, क्योंकि लादेन के मारे जाने की खबर के बाद खलीली का गैरकानूनी हथियार बेचने का बिज़नस ठप हो रहा है। ऐसे में इनका ध्यान ड्यूप्लिकेट लादेन पर पड़ता है और...","2.5"
"यूनिवर्सिटी प्रशासन ने डॉक्टर सिरस को करीब 6 साल पहले एक रिक्शा वाले युवक के साथ यौन संबंध बनाने के आरोप में सस्पेंड कर दिया। अलीगढ़ यूनिवर्सिटी प्रशासन ने एक लोकल टीवी चैनल के दो लोगों द्वारा प्रफेसर सिरस के बेडरूम में किए एक स्टिंग ऑपरेशन के आधार पर उन्हें...","3.5"
"गौरव और पूजा भी इसी मस्ती के माहौल में ड्रिंक करते हैं और बेड तक पहुंच जाते हैं। कुछ ही दिनों में गौरव की शादी है, ऐसे में गौरव और पूजा ...","2"
"रिया (रूही सिंह) साउथ अफ्रीका में पढ़ाई कर रही है। इसी बीच उसके पापा को देश का पीएम बना दिया जाता है और इससे उसकी पर्सनल लाइफ कुछ इस तरह से प्रभावित होती है कि रिया को लगता है कि जैसे उसे कैद कर लिया गया हो। रिया जहां भी जाती है उसके साथ...","2"
"नीरजा की कहानी शुरू होती है कराची से। 5 सितंबर 1986 को हाइजैक हुई पैन एम फ्लाइट 73 में हर बार की तरह इस बार भी नीरजा अपनी ड्यूटी पर थीं। फ्लाइट में 359 यात्री सवार थे। जब आंतकियों ने फ्लाइट को हाइजैक किया, नीरजा ने सबसे पहले...","4"
"दिव्या खोसला की इस म्यूजिकल लव-स्टोरी में हिरोइन की जान बचाने के लिए हीरो ऐसा कुछ करता है जो उसके प्यार को अमर बना देता है। दिव्या ने बजट का बड़ा हिस्सा दिल को छू लेने वाली लोकेशन में शूट करने में खर्च किया है...","2.5"
"यंग डायरेक्टर अभिषेक कपूर की फिल्म फितूर की स्क्रिप्ट तो बिखरी हुई लेकिन यह एक खूबसूरत फिल्म है। अगर आप कश्मीर की खूबसूरती के साथ तब्बू की बेहतरीन ऐक्टिंग के साथ कटरीना की ब्यूटी को देखना चाहते हैं तो यह फिल्म जरूर देखें।","3"
"'सनम तेरी कसम' की डायरेक्टर जोड़ी का फिल्म बनाने और सोचने का नजरिया बाकी डायरेक्टर्स से अलग है। इन दिनों जहां हॉट ऐक्शन, डबल मीनिंग और बेवजह ऐक्शन स्टंट और थ्रिलर मूवीज़ बनाने का ट्रेंड चला हुआ है तो इस जोड़ी ने दिल को छूने वाली लव-स्टोरी बनाई है...","3"
"पच्चीस साल पहले आई 'घायल' बॉक्स आफिस पर ब्लॉकबस्टर साबित हुई थी। तौर डायरेक्टर सनी देओल ने बरसों से हिंदी फिल्मों में नजर आ रही अच्छाई और बुराई की जंग को दिखाने की कोशिश की है। अगर सनी चाहते तो इस फिल्म को नए नाम से भी बना सकते हैं, लेकिन...","3"
"इस फिल्म को सेंसर ने ऐसा बोल्ड और डबल मीनिंग डायलॉग से भरपूर समझा कि इसे सेंसर का कोई भी सर्टिफिकेट देने से ही साफ ...","1.5"
"बतौर निर्देशक हर बार कामयाबी का नया इतिहास रच चुके डायरेक्टर राज कुमार हिरानी ने बेशक इस फिल्म में अपने चहेते स्टार आर. माधवन की इमेज को चेंज करने की कुछ ज्यादा ही कोशिश की है। यह फिल्म खेल फेडरेशन और खेलों के दिग्गजों के बीच चलती गुटबाजी और एक-दूसरे को नीचा...","3.5"
"अगर आपको अडल्ट कॉमिडी फिल्में पसंद हैं, तो फिल्म देख सकते हैं। फिल्म की कहानी में कुछ नयापन नहीं...","1.5"
"कुवैत में हालात खराब हो रहे थे। वहां का रईस बिज़नसमैन रंजीत अपने प्रभाव और रसूख से अपनी फैमिली और फंसे दूसरे भारतीय नागरिकों को वहां से निकालने का मिशन स्टार्ट करता है। भारतीय सेना डायरेक्ट कुछ करने में कतरा रही थी। उस वक्त रंजीत ने अपने दम पर दुनिया के सबसे बड़े ऑपरेशन को...","4.5"
"आप अपने पसंदीदा फिल्म स्टार्स, क्रिकेटर या दूसरी सेलिब्रेटिज को तो उनके बर्थडे पर बधाई का मेसेज...","3.5"
"वजीर की सबसे बड़ी खासियत अमिताभ बच्चन और फरहान अख्तर की बेहतरीन ऐक्टिंग है। जहां भी दोनों नजर आए वहीं...","3.5"
"करीब 21 साल पहले इसी टाइटल पर बनी अजय देवगन स्टारर फिल्म बॉक्स आफिस पर....","1.5"
"बाजीराव मस्तानी रिलीज होने से पहले ही इस फिल्म की चर्चा मीडिया में शुरू हो गई थी। दरअसल ग्लैमर...","4.5"
"जब ट्रेलर में दिखाए गए 'सपनों' यानी कुछ सीन्स पर सेंसर की कैंची चल जाती है, तो फिल्म देखने के...","3"
"आजकल फ्रैंचाइजी फिल्में बनाने का ट्रेंड चल निकला है। हॉलिवुड में यह ट्रेंड काफी कामयाब रहा तो...","3"
"बेशक रीयल लाइफ कपल को लेकर बनी फिल्मों का अच्छा क्रेज रहता है, लेकिन यह हर फिल्म के हिट होने की गारंटी नहीं।","3"
"करीब पांच दशक पहले 1962 में शुरू हुआ बॉन्ड सीरीज की फिल्मों का सिलसिला आज भी बदस्तूर...","3.5"
"रजत स्टारर इस फिल्म में उनके साथ ग्लैमर इंडस्ट्री में अपनी कुछ अलग पहचान बना चुकीं कई ऐक्ट्रेस हैं, लेकिन...","3"
"अगर सिनेमा हॉल के हाउसफुल शो में दर्शक इन लंबे सीन्स को पसंद करके ताली बजा रहे थे तो यकीनन यह सलमान के...","3.5"
"आमतौर से दिवाली से पहले के वीक में ऐसी फिल्में ही बॉक्स ऑफिस पर दस्तक देती है जिनकी अप्रोच...","2.5"
"कुछ अर्सा पहले आई करीना कपूर और राहुल बोस स्टारर फिल्म चमेली अगर आपने देखी है तो इस...","2.5"
"अडल्ट कॉमिडी, बेदम स्क्रिप्ट और कहानी की धीमी रफ्तार। कुणाल खेमू को पहली बार बिहारी युवक के रोल...","1.5"
"बेहद कमजोर स्क्रिप्ट , स्लो स्पीड, एनिमेशन तकनीक और बैकग्राउंड में नसीरुद्दीन शाह की आवाज इस फिल्म को...","2"
"जरूरी नहीं कि आप अगर किसी कला में नंबर वन हैं तो बाकी बची कलाओं में भी आपको...","2"
"​करीब चार साल पहले यंग डायरेक्टर लव रंजन के निर्देशन में बनी प्यार का पंचनामा रिलीज...","3.5"
"एक मां और लॉयर के रोल में ऐश ने अच्छी एक्टिंग की है। उनके कमबैक के लिए यह फिल्म अच्छा...","3.5"
"अक्षय कुमार की ऐक्टिंग की बात करें तो उन्होंने इस बार पिछली फिल्मों के मुकाबले बेहतर ऐक्टिंग ...","3.5"
"देशभर को हिला देने वाले आरुषि हत्याकांड की पृष्ठभूमि पर बनी इस फिल्म को अगर हम इस दोहरे हत्याकांड पर तैयार ...","4.5"
"अगर बिग स्क्रीन पर पहली बार ऐक्टिंग के मापदंड पर रखकर कपिल शर्मा को परखा जाए तो उनकी तारीफ करनी होगी कि...","2.5"
"फिल्म में ऐसे कई नए चेहरे हैं, जिन्होंने अपनी पहली ही फिल्म में अपने किरदार को इस बेहतरीन ढंग से निभाकर यह साबित...","2.5"
"कुछ साल पहले रिलीज हुई अनुराग कश्यप की फिल्म गैंग्स ऑफ वासेपुर के स्क्रीन राइटर रहे जीशान कादरी ने जब फिल्म...","2.5"
"करीना कपूर जैसी हिट हिरोइन के साथ भी नाकाम रहे इमरान खान को इस बार कंगना रनौत जैसी बॉक्स ऑफिस की क्वीन का...","2.5"
"फिल्म 'हीरो' के बाद जैकी श्रॉफ सुपर स्टार बन गए थे, लेकिन शायद सूरज पंचोली की किस्मत में यह नहीं लिखा है। वजह यह है कि...","2"
"इस फिल्म में भी वही मसाला ठूंसा गया है, जो बॉक्स ऑफिस पर भीड़ खींचने का दम रखे। बेशक फिल्म के कुछ डायलॉग...","3.5"
"ऐसा लगता है नीला ने बिना होमवर्क निबटाए इस प्रॉजेक्ट पर काम शुरू कर दिया, वर्ना पानी के इस मुद्दे पर नीला एक मजेदार...","2.5"
"कबीर ने जो मेसेज दिया है, फिल्म देखकर हॉल में बैठा हर दर्शक दिल से यही दुआ करता है कि उन्होंने जो सिल्वर स्क्रीन पर...","3.5"
"बांके (राजपाल यादव) करीब 30-32 साल की उम्र का ऐसा शख्स है, जिसकी कुंडली में कोई दोष है और उसकी शादी नहीं हो...","2.5"
"लंबे अरसे बाद अब जब नामी स्टार्स के साथ उमेश शुक्ला की फिल्म 'ऑल इज वेल' रिलीज हुई तो यकीनन...","2"
"केतन मेहता इंडस्ट्री के उन बेहतरीन निर्देशकों में शामिल हैं, जो बॉक्स ऑफिस के मिजाज के खिलाफ चलने का जज्बा रखते हैं...","4.5"
"स्ट्रीट फाइटिंग को एक अनोखे अंदाज में इमोशनल स्टोरी के साथ देखना चाहते हैं, तो ब्रदर्स से मिल आएं। बेवजह की मारा-मारी...","3.5"
"मुजफ्फर अली की यह कहानी काल्पनिक नहीं है, लेकिन कमजोर स्क्रीनप्ले के साथ-साथ प्रॉडक्शन क्वॉलिटी की खामियां ऐसी...","2"
"आतंकवाद पर बनी यह फिल्म एक ऐसा संदेश देती है, जो यकीनन तारीफ के काबिल है। बैंगिस्तान जैसी मूवी बनाकर ...","2.5"
"मिशन इम्पॉसिबल सीरीज की पांचवीं फिल्म में एकबार फिर हैरतअंगेज ऐक्शन और अडवेंचर का बेहतरीन कॉम्बिनेशन...","4"
"विजय का किरदार निभा रहे अजय ने इस बार अपनी ऐक्शन हीरो वाली इमेज से अलग काम किया है। गोआ की इस्पेंक्टर जनरल...","4.5"
"फैमिली की इज्जत और समाज की मर्यादा का खौफ उसे कुछ ऐसा डराता है कि वह वहीं बाथरूम में अपनी कलाई काटकर...","3"
"सलमान की एंट्री गजब है,  उनके फैंस को खुश करने के लिए कई ऐसे सीन्स भी फिल्माए गए हैं जो...","4"
"इस फिल्म का दर्शकों में कितना जबर्दस्त क्रेज है, इसका अंदाजा आप इसी से लगा सकते...","4.5"
"अगर राजपाल यादव के कट्टर फैन है तो इस बार अपने चहेते स्टार को अलग अंदाज में देखने के लिए...","2.5"
"सेकंड हैंड शब्द सुनते ही कुछ अजीब लगता है, खासकर जब आप शॉपिंग को जा रहे हों...","2"
"हॉलिवुड मूवी टर्मिनेटर जेनेसिस की रिलीस से बॉलिवुड मूवीज (गुड्डू रंगीला, सेंकड हैंड हज्बंड और बेजुबान...","4"
"बॉलिवुड फिल्ममेकर्स को पिछले कुछ अर्से से खाप पंचायत और हरियाणवी बैकग्राउंड से कुछ ऐसा...","3"
"अगर आप जिम्मी के फैन हैं और अपने चहेते ऐक्टर की कोई फिल्म नहीं छोड़ते तो देखने जाएं। ग्रेटर नोएडा की कई बेहतरीन लोकेशन...","2.5"
"अगर कुछ नया और ऐसा देखना चाहते हैं, जो आपको गांव की माटी से मिलवाने के साथ करप्शन और पहुंच के दम पर कुछ...","3"
"अगर आप डांस के शौकीन हैं और वरुण, श्रद्धा और प्रभु देवा के फैन हैं, तो ये फिल्म आपको अपसेट नहीं करेगी...","3"
"जरा भी जोखिम उठाए बिना डायनासोर को नजदीक से देखने का कभी न भूल पाने वाले अडवेंचर को मौका मिलेगा...","4"
"सारांश, जख्म, डैडी अर्थ जैसी बेहतरीन फिल्में बना चुके महेश भट्ट साहब ने बाद में समय...","3"
"अगर टाइम पास करना हो या फिर बरसों से स्क्रीन पर नजर आ रहे चालू मसालों को देखने के शौकीन हैं तो...","2.5"
"यंग डायरेक्टर जोया अख्तर ने ग्लैमर इंडस्ट्री में करियर की शुरुआत ऐसी फिल्मों के साथ की...","3.5"
"90 के दौर में गोविंदा, डेविड धवन और वाशु भागनानी बॉक्स आफिस पर फिल्म के हिट होने गारंटी...","2.5"
"अगर पिछली तनु देखी है तो मस्ट वॉच, अगर नहीं भी देखी तो फैमिली के साथ इस वीकेंड पर बेहिचक जाएं। इस बार तनु...","4.5"
"पहाडों के बीच में जौत द्वारा अपने पास जमा पानी को छोड़ने के सीन का जवाब नहीं। ऐक्शन सीन्स का असली मजा 3डी में...","3"
"लंबे अरसे बाद अनुराग कश्यप ने एक बार फिर उसी टेस्ट की फिल्म बनाई है, जो उनकी गिनती इंडस्ट्री के उन फिल्ममेकर्स में...","3"
"जब उसे पता लगता है उसकी चहेती ऐक्ट्रेस उसी के शहर में आ रही है और यहां होने वाले एक लकी कॉन्टेस्ट के विनर...","1.5"
"भारतीय समाज में जहां बेटी के जवान होने के बाद पिता उसकी शादी करना चाहता है, वहीं पीकू का पापा चाहता है कि मरते दम...","4"
"दरअसल, अनिरूद्ध अपने इन दोस्तों के अतीत की कुछ ऐसी घटनाओं को कैमरे में कैद करके...","1.5"
"अक्षय के फैन हैं और उनकी फिल्म इंजॉय करते वक्त बेफिजूल का तर्क-वितर्क नहीं करते तो उनके लिए फिल्म मस्त...","4"
"फिल्म में पर्दे पर सबकुछ ऐसे अंदाज में पेश किया गया जैसे आप कोई अपना फेवरिट कॉमिक्स पढ़ रहे हों। इस फिल्म का विलन...","4"
"अगर विनय पाठक की ऐक्टिंग के फैन हैं, तो अपने चहेते स्टार की खातिर एकबार फिल्म देख सकते हैं...","2.5"
"बरसों से सीमा पर दो पड़ोसी देशों यानी भारत-पाक के बीच की आपसी कटुता और नफरत को रंजीत ने कुछ अलग एंगल से पेश...","2.5"
"कुछ नया अलग करने की चाह में विक्रम ने अपनी इस फिल्म को 3डी तकनीक में बनाया यही इस फिल्म का सबसे खास...","2.5"
"बॉलिवुड फिल्मों में नजर आने वाले बनावटी कोर्ट से दूर हटकर रियल लाइफ में नजर आने वाले कोर्ट को नजदीक से देखना...","3"
"यकीनन कल्कि कोचलिन ने लायला के किरदार में अपने अब तक के फिल्मी करियर की बेहतरीन ऐक्टिंग की है...","3"
"सिख धर्म के संस्थापक गुरु नानक देव जी की जीवनी पर आधारित इस फिल्म में गुरु नानक देव के महान कामों को...","4"
"डायरेक्टर ने सनी की ब्यूटी को कैमरे के अलग-अलग एंगल से महंगी कॉस्ट्यूम में पेश किया है...","2.5"
"कोई अच्छी सी फिल्म देखना चाहते हैं, तो इस फिल्म को देखा जा सकता है। हालांकि यह फिल्म बहुत...","3"
"अगर आप परेश रावल, नसीर या अनु कपूर के फैन हैं तो इस फिल्म को एक बार देख सकते हैं, लेकिन...","2.5"
"इस सीरीज की पिछली फिल्में देखी हैं तो इस फिल्म को मिस न करें, यकीनन फिल्म देखकर आप खुश होंगे...","4.5"
"साउथ में बनी फिल्मों का लुक और अलग स्टाइल हिंदी में डब इस फिल्म में भी साफ नजर आता है...","1.5"
"दिबाकर बनर्जी ने साबित किया कि बॉक्स आफिस पर चलती हवा के विपरीत उन्हें अलग...","3.5"
"पूरी तरह मजाकिया फिल्म होने के बावजूद इसमें दार्शनिकता का पुट है। लीक से हटकर फिल्मों के शौकीनों को पसंद आ सकती है...","3"
"हिमाचल की कई ऐसी खूबसूरत लोकेशन पर 'बरखा' शूट हुई है, जहां जाने से हमारे फिल्मकार कतराते हैं...","2"
"हर फील्ड में जीरो के आस-पास रही इस फिल्म कार चोरी को दिखाने की ऐसी कमजोर कोशिश की गई जो पूरी तरह से  नाटकीय...","2"
"स्मॉल स्क्रीन पर लुटेरी दुल्हन जैसा टीआरपी में टॉप पर रहे सीरियल के राइटर जैगम इमाम...","2.5"
"बिना किसी प्रमोशन के चंद मल्टिप्लेक्सों में इक्का-दुक्का शोज में रिलीज हुई इस फिल्म...","3"
"फिल्म की कहानी की बात करें तो कहानी में ऐसा कुछ भी नयापन नहीं है जो आपने बॉलिवुड फिल्मों में एक नहीं कई बार न देखा हो...","2"
"कहानी  पंजाब की सीमा के पास खत्म होती है। ऐसे गांव जहां आज भी बरसों पुरानी वहीं रीतियां और कायदे कानून हैं, जो  तालिबानी हुकूमत जैसे हैं...","4"
"ऐसा लगता है जाने-माने कोरियॉग्राफर गणेश आचार्या को कैमरा फेस करने का कुछ ऐसा जुनून है कि अक्सर किसी गाने में खुद भी...","1.5"
"राजस्थान की राजनीति में हड़कंप मचा देने वाली एक सरकारी अस्पताल की नर्स भंवरी देवी के सेक्स टेप की कॉन्ट्रोवर्सी ...","2"
"फैमिली के साथ इस वीक अगर क्वॉलिटी टाइम इंजॉय करना चाहते हैं तो फिल्म आपके लिए है...","4"
"यदि आपने फिल्म का फर्स्ट पार्ट देखा है तो इस फिल्म को भी देखिए। वहीं नाना की दमदार वापसी...","3.5"
"इस फिल्म की शुरुआत में स्क्रीन पर एक कहावत पढ़कर आप फिल्म में आगे क्या होने वाला...","4"
"चौथी बार भी लड़की ने ही जन्म लिया, लेकिन इस बार अंबर सिंह अपने दम पर विधि का विधान ही बदलने का...","3.5"
"राम रहीम इस फिल्म में लोगों को ड्रग्स और शराब जैसी लत से दूर कर अपना अनुयायी बनाते हैं, जिसके...","1.5"
"कबीर यानी अर्जुन की इस फिल्म का यंग हीरो रॉय (रणबीर कपूर) ऐसा पेंटिंग चोर है जिसकी डिक्शनरी में नामुमकिन शब्द नहीं है...","2"
"इस फिल्म में अमिताभ की आवाज पर दुनिया के सामने छाने वाले धनुष आखिरकार एक-दूसरे के खिलाफ खड़े हो जाते हैं...","4"
"कुछ साल पहले देश भर में तहलका मचा देने वाले नोएडा के बहुचर्चित आरुषि मर्डर केस को...","3"
"कभी सारांश, जन्म, अर्थ, आशिकी और सड़क जैसी कई बेहतरीन फिल्में बना चुके  भट्ट कैंप...","2"
"इस फिल्म में बाबाओं और धर्म गुरूओं की पोल खोलने की कोशिश तो की गई है, लेकिन इस...","2"
"सोनम कपूर को ऐसा किरदार निभाने का गोल्डन चांस मिला, लेकिन उन्होंने एक बार फिर...","2"
"तारीफ करनी होगी यंग डायरेक्टर नीरज पांडे की, जिन्होंने बतौर डायरेक्टर अपनी...","4.5"
"करीब पौने दो घंटे की इस फिल्म को बनाते वक्त मेकर यह ही नहीं तय कर पाए कि इसे...","2"
"फिल्म क्रेजी कुक्कड़ फैमिली से एक नया ट्रेंड बॉलिवुड में आ गया है। अब बड़े बैनर उन ऐक्टर्स...","2.5"
"बिपाशा के हॉट सीक्वेंस देखने को मिलेंगे, वर्ना कहानी में नयापन नहीं है...","3"
"करीब 11 साल पहले महेश बाबू और भूमिका चावला को लेकर बनी तमिल फिल्म...","3.5"
"नए साल के पहले शुक्रवार को मेकर्स फिल्म रिलीज करने से कतराते हैं। हालांकि, यंग...","2.5"
"पहले हफ्ते में करीब 150 करोड़ कमाई से साबित है कि रजनीकांत का जलवा पहले से ज्यादा ही हुआ है...","3.5"
"अनुराग कश्यप की यह डार्क टाइप की फिल्म आम मुंबइया सिनेमा से कोसो दूर है...","3"
"भगवान तक पहुंचने का शॉर्टकट रास्ता पता है आपको? नहीं, पीके तो फिल्म में बता रहे हैं...","4.5"
"फिल्म की लीड ऐक्ट्रेस शहनाज ट्रेजरीवाला ने ऐसी कुछ बयानबाजी जरूर कर डाली कि फिल्म...","2"
"यंग डायरेक्टर शैलेश वर्मा ने कबड्डी जैसे ग्लैमर विहीन सब्जेक्ट पर फिल्म बनाई और इसमें इसमें सफल भी रहे...","3.5"
"करीब 30 साल पहले हुई भोपाल गैस त्रासदी पर बनी यह फिल्म आपको उस घटना की तह तक ले जाती है...","3.5"
"अगर आप सिर्फ मौज-मस्ती और टाइमपास एंटरटेनमेंट के मकसद से बिना तर्क-वितर्क के...","2.5"
"बनने के बाद लंबे अर्से से स्क्रीन पर आने का इंतजार कर रही फिल्म 'सुलेमानी कीड़ा'...","2.5"
"इश्क के जुनून और दीवानगी पर बॉलिवुड में कई फिल्में आ चुकी हैं। जिद भी ऐसी फिल्म है...","2"
"करीब पौने दो घंटे की इस फिल्म को देखते वक्त ऐसा लगता है कि फिल्म के ज्यादातर...","2.5"
"कहानी में नयापन है, कहानी के किरदार स्टार पर हावी हैं। राजस्थान की लोकेशन में फिल्माई...","3"
"यकीनन बॉलिवुड फिल्मों में आज से नहीं, बरसों पहले से प्रड्यूसर, ऐक्टर अपनी फिल्म के...","2.5"
"अफसोस बाद तक गोविंदा को छोड़कर सभी नए कलाकार उस उम्मीद पर खरे उतरते हैं...","2.5"
"ऐसा लगता है यशराज बैनर साल में ज्यादा से ज्यादा फिल्में अपने नाम करने की चाह में कुछ...","2"
"बॉलिवुड के बारे में कहा जाता है कि यहां बॉक्स ऑफिस पर चमत्कार होता है। आज जब सौ-डेढ़...","3"
"रणदीप, नंदना की बेहतरीन केमिस्ट्री फिल्म की यूएसपी है। बोल्ड सीन्स की भरमार के चलते....","3.5"
"60 साल से ऊपर की उम्र वाले तीन दोस्त अनुपम खेर, पीयूष मिश्रा और अन्नू कपूर हमेशा लड़कियों के पीछे...","2.5"
"बेटा व दिल जैसी फिल्में बना चुके इंद्र कुमार अडल्ट कॉमिडीज से भी अच्छी कमाई कर चुके हैं, अब...","2.5"
"फिल्म हर क्लास की कसौटी पर खरी नहीं उतरेगी, लेकिन कुछ नया और वाइल्ड लाइफ पर बनी फिल्मों...","3.5"
"फराह खान को ऐसी डायरेक्टर माना जाता है जो पैसा वसूल एंटरटेनमेंट मसाला फिल्म बनाती हैं...","3.5"
"यह फिल्म ईमानदारी के उस जज्बे को सलाम करती है, जो धीरे-धीरे हमारी सोशल लाइफ से गायब हो रहा...","3"
"मसाला फिल्मों से प्यार करने वालों को क्या यह फिल्म बांध पाएगी, या हो जाएगी फुस्स, पढ़ें रिव्यू...","2"
"रितिक और कटरीना की 'बैंग बैंग' मस्त फिल्म है या फिर बोर, पढ़ें इस फिल्म का रिव्यू...","2.5"
"हैदर में शाहिद कपूर जहां अपनी कमाल की ऐक्टिंग से चौंकाएंगे, वहीं फिल्म का थोड़ा लंबा हो जाना...","3.5"
"ज्ञानी और पाली का क्राइम की दुनिया में अलग पहचान बनाने का सपना है...","2"
"मूवी का सब्जेक्ट पुराना है, कहानी में नयापन कुछ नहीं है, क्राइम के बैकग्राउंड पर बनी...","2"
"कैसी है चुलबुली परिणीति चोपड़ा और आदित्य कपूर स्टारर फिल्म 'दावत-ए-इश्क', पढ़ें रिव्यू...","3"
"रेखा स्टारर 'खूबसूरत' से तुलना करने की गुस्ताखी न करें, फिल्म देखने के बाद अपसेट हो सकते हैं...","3"
"अगर आप कुछ लीक से हटकर बनी फिल्मों के शौकीन हैं, तो फैनी से मिलने का वक्त निकाल लीजिए...","3.5"
"फिल्म के कुछ थ्री डी सीन्स का जवाब नहीं, लेकिन स्क्रिप्ट काफी कमजोर है...","3"
"प्रियंका चोपड़ा ने अपने अब तक के फिल्मी करियर में 'मैरी कॉम' को सबसे ज्यादा प्रमोट...","4"
"कुणाल ने एक बार फिर क्रिकेट के आसपास घूमती फिल्म बनाई, जो इसका माइनस पॉइंट है...","2.5"
"बेशक , फिल्म निर्देशक राहत काजमी और राइटर संजय-अमर ने नए सिरे से घाटी के मौजूदा हालात, स्पेशल टास्क फोर्स...","2"
"डॉक्युमेंट्री होते हुए भी कटियाबाज आपको अपसेट नहीं करेगी। जाने-पहचाने सब्जेक्ट को मजेदार ढंग से पेश किया गया है...","3.5"
"प्रड्यूसर, डायरेक्टर आदित्य चोपड़ा से शादी के बाद रानी मुखर्जी की 'मर्दानी' पहली फिल्म है...","3"
"अजय देवगन की फिल्म 'सिंघम रिटर्न्स' क्या 'सिंघम' की तरह ही दमदार है, जानें रिव्यू में...","4"
"यह फिल्म 90 के दशक में आई डायरेक्टर जॉन डी बॉन्ट की 'ट्विस्टर' से काफी हद तक प्रभावित थी। प्राकृतिक आपदा पर...","3.5"
"करोड़पति बाप ने सारी जायदाद कुत्ते 'एंटरटेनमेंट' के नाम कर दी। क्या अक्षय पा सकेंगे सब कुछ...","3"
"अगर आप सोचते हैं कि अंडरवर्ल्ड, माफिया पर सिर्फ मुंबई, यूपी, बिहार के बैकग्राउंड पर ही फिल्में बन सकती हैं, तो गुजरात के बैकग्राउंड पर बनी...","2.5"
"सलमान की फिल्म 'किक' को दिल से देखेंगे तो इंजॉय करेंगे, लेकिन अगर दिमाग लगाया तो...","4"
"अगर आप इस फिल्म में भी 'हेट स्टोरी' की तर्ज पर बेहद हॉट, बोल्ड, सेक्सी सीन्स देखने जा रहे हैं तो...","2"
"छोटी-सी कहानी को डायरेक्टर ने फ्रेश अंदाज से पर्दे पर उतारा है। वीर और वेगा की दमदार केमेस्ट्री है, तो क्लाइमैक्स कमजोर...","2.5"
"3डी में बनी पिज्जा ऐसी हॉरर सुपरनैचरल थ्रिलर मूवी है जिसके कई सीन आपको जोर का झटका दे सकते है...","2.5"
"'दिलवाले दुल्हनिया ले जाएंगे' नहीं देखी तो मिस न करें। देखी है तो भी हंप्टी-काव्या से जरूर मिल...","3"
"'लेकर हम दीवाना दिल' की कहानी एक ऐसे कपल की लव स्टोरी है जो कॉलेज की दोस्ती को...","2.5"
"विद्या बालन को शायद यह गलतफहमी हो गई कि हीरो के इर्दगिर्द घूमने वाली बॉलिवुड फिल्मों में वह...","2.5"
"मोहित ने 'एक विलन' के जरिए रोमांस और यंग क्राउड को टारगेट करने की कोशिश की है। पढ़ें रिव्यू...","3.5"
"'हिम्मतवाला' के बाद एक बार फिर साजिद ने फैंस से उनके सब्र का इम्तिहान लिया है। पढ़िए रिव्यू...","1.5"
"फर्जी एनकाउंटर जैसे सीरियस सब्जेक्ट पर फिल्म बनाने के लिए जिस होमवर्क की जरूरत होती है, वह इस फिल्म...","2"
"बेशक इस फिल्म के टाइटल को देखकर यही लगे कि यह बच्चों के साथ देखने वाली फिल्म है, लेकिन ऐसा नहीं है...","2"
"फगली में दिल्ली एनसीआर की कई बेहतरीन आउटडोर लोकेशंस को अच्छे ढंग से पेश किया गया है, लेकिन बिखरी स्क्रिप्ट...","2"
"इस फिल्म को देख कर लगता है, '100 करोड़ क्लब' के इस दौर में भी लीक से हटकर फिल्म बनाने वालों की कमी नहीं...","4"
"यूं तो मुंबई अटैक की पृष्ठभूमि पर अब तक कितनी फिल्में बन चुकी हैं, लेकिन पहली बार स्लीपर सेल को अहम हिस्सा...","4.5"
"एकता को 'कुक्कू...' जैसी फिल्म बनाने का आइडिया 'फुकरे' देख कर आया होगा, लेकिन यह 'फुकरे' के आसपास भी...","2"
"हंसल मेहता, राजकुमार राव जैसे दो नैशनल अवॉर्ड विनर्स का साथ इस फिल्म को खास बनाता है। बेहतरीन ऐक्टिंग...","4"
"जैकी श्रॉफ के साहबजादे टाइगर ने करियर की शुरुआत 'हीरोपंती' से की है, जो जैकी की फिल्म 'हीरो' की याद...","2.5"
"रजनी की इस फिल्म की कहानी पौराणिक कथाओं पर बेस्ड है, बेशक आपको कहानी नवीन नजर ना आए, लेकिन...","4"
"दो घंटे की यह सस्पेंस फिल्म दर्शकों को शुरू से अंत तक बांधे रखने में कामयाब नहीं रह पाती, लेकिन अगर आप...","2"
"कम बजट में बनी यह फिल्म कई ऐसे सवाल उठाती है, जिनका जवाब तलाशना बेहद जरूरी है। फिल्म का बेहतरीन कॉन्टेंट...","3"
"आशु त्रिखा की यह फिल्म झारखंड के कोल माफिया और वहां चली असामाजिक तत्वों की समांतर सरकार की पृष्ठभूमि पर...","2.5"
"मस्तराम तब की कहानी है, जब इंटरनेट, सोशल साइट्स नहीं
 थीं। युवा से लेकर 40-50 की उम्र तक के लोग अपनी सेक्स...","2"
"हॉलिवुड डायरेक्टर क्रैग की इस फिल्म में खेलों में धीरे-धीरे एंट्री करती पैसे की ताकत नजर आती है। पहली बार क्रिकेट-बेसबॉल...","3.5"
"बॉलिवुड में खेल पर फिल्म बनाने की बात हो तो हर कोई क्रिक्रेट को पहली 
प्राथमिकता देता है, लेकिन अमोल गुप्ते ने स्केटिंग...","3.5"
"स्पाइडरमैन एक बार फिर लौट आया है। इस बार भी स्पाइडरमैन इंसानियत, समाज और देश के दुश्मनों के साथ टकरा रहा है...","4"
"यह सरहद पर अपने-अपने देश के लिए लड़ते दो ऐसे सिपाहियों की कहानी है जो बदले हालात में बंदूक की भाषा यानी गोलियां चलाना...","4"
"राजीव खंडेलवाल जासूस के किरदार में पूरी तरह से फिट नजर
 आते है। मदालसा को अभी बहुत लंबा सफर तय करना है...","2.5"
"कांची एक छोटे से गांव की सीधी-सादी लड़की की कहानी है, जो 
अपने दमखम पर सत्ता में बैठे नेताओं को बेनकाब कर...","3"
"कैसी है 'अब मर्द को दर्द होगा' वाली कंगना राणावत की चर्चित फिल्म 'रिवॉल्वर रानी', पढ़ें इसका रिव्यू...","4"
"'गांधी माई फादर' जैसी फिल्म बना चुके फिरोज अब्बास खान लंबे अर्से बाद नई फिल्म लेकर आए हैं, क्या दर्शकों की...","2.5"
"चेतन भगत के उपन्यास '2 स्टेट्स' पर बनी इस फिल्म की कहानी में नयापन और जेन एक्स को...","4"
"इस चुनावी सीजन में 'भूतनाथ' भी नेताओं जैसी बातें करने के साथ-साथ एक सोशल मेसेज देता है...","4.5"
"अगर लंबे अरसे से फैमिली के साथ कोई टाइम पास मसाला फिल्म नहीं देखी तो इस हीरो से मिल आएं...","3"
"'जल' की पूरी टीम का मानना है कि इस साल यह फिल्म ऑस्कर का सफर तय करेगी और अवॉर्ड लेकर लौटेगी...","3.5"
"चुनावी सीजन में 'ओ तेरी' के साथ एक और राजनीतिक पृष्ठभूमि पर बनी फिल्म हाजिर है। बेशक, इस फिल्म में प्रड्यूसर ने युवा...","2"
"हरमन बावेजा और सनी देओल स्टारर शिल्पा शेट्टी की फिल्म ढिश्कियाऊं मस्त है या फिर.... पढ़ें इस फिल्म का रिव्यू...","2"
"चुनावी सीजन में रिलीज हई 'ओ तेरी' भ्रष्टाचार और भ्रष्ट नेताओं के खिलाफ मतदाताओं को जागरूक करने का प्रयास है, लेकिन...","2"
"पिछले महीने आई जिमी शेरगिल की 'डर @ द मॉल' की कहानी और भूतों के इस गैंग की कहानी में ज्यादा फर्क नहीं...","2.5"
"अगर हॉरर के साथ सेक्स का तड़का भी देखना चाहते हैं तो रागिनी से मिलने में कोई हर्ज नहीं। सनी ने...","3"
"अगर आप यह सोच बैठे हैं कि बॉलिवुड में अच्छी फिल्में बननी बंद हो गई हैं, तो इस फिल्म को जरूर...","4"
"अच्छी स्क्रिप्ट, बेहतरीन ऐक्टिंग इस फिल्म की यूएसपी है, लेकिन अफसोस है कि ऐसी अच्छी फिल्मों को...","3"
"अगर देखना चाहते हैं सोनम का ऐसा बोल्ड-सेक्सी लुक जो आपने पहले कभी पर्दे पर नहीं देखा और आयुष्मान की...","2"
"इस फिल्म में पहली बार माधुरी और जूही की जोड़ी मल्टिप्लेक्स कल्चर में रंगी युवा पीढ़ी को उस हकीकत से रूबरू कराती है...","4"
"'टोटल सियापा' ऐसी कहानी है, जिसे अगर निर्माता टीवी चैनल पर चलाता तो 30-40 ऐपिसोड चलते, लेकिन...","2"
"जब रानी की सगाई टूट जाती है, तो पेरिस में हनीमून के सपने को साकार करने वह पहुंच जाती है अकेले, जहां उसकी मुलाकात...","4"
"इस फिल्म की एक खासियत है कि यह फिल्म शुरू होते ही इसका एंड मालूम हो जाता है, लेकिन...","3.5"
"इस फिल्म में तेजी से बसते नए शहरों और शॉपिंग मॉल कल्चर के पीछे की एक कहानी को केंद्र बिंदु...","2.5"
"इम्तियाज अली ने करीब 15 साल पहले 'हाइवे' की स्क्रिप्ट पर काम शुरू किया था। यह एक ऐसा सुहाना सफर है...","3"
"रणवीर सिंह और अर्जुन कपूर की स्टार कास्ट और प्रियंका चोपड़ा के ग्लैमर से सजी फिल्म कैसी है, जानिए...","3"
"बॉलिवुड में आज भी कई ऐसे पापा हैं जो अपने लाडलों को हर हाल में हीरो बनाने पर आमादा हैं...","2"
"हर धर्म के लोगों के बीच मानवता का संदेश देने वाली फिल्म मिस नहीं करनी चाहिए, लेकिन इसके कई सीन...","3"
"'आई ऐम कलाम' जैसी फिल्म बना चुका डायरेक्टर ऐसी कमजोर फिल्म भी बना सकता है, किसी ने...","2"
"अगर आप चालू मसालों की उम्मीद में इस फिल्म को देखने का सोच रहे हैं तो मायूस होंगे, लेकिन अगर...","3"
"इस हफ्ते रिलीज हुई अभय देओल की यह फिल्म दर्शकों की एक खास क्लास को अपनी ओर खींचने का दम रखती है...","2"
"सलमान खान इस बार परदे पर कॉमन मैन की तरह नजर आ रहे हैं, फर्क बस इतना है...","4.5"
"यह एक ऐसे स्ट्रगलर की कहानी है जो ड्रामा के जरिए समाज को मेसेज देना चाहता है। डबल मीनिंग डायलॉग से दूर...","2"
"त्रिकोणीय प्रेम कहानी को पुराने अंदाज में पेश करने की कोशिश। कॉलेज में करोड़पति बाप का बेटा हिरोइन को पाने के लिए...","1.5"
"80 के दशक में जब पायरेसी और सी-ग्रेड हॉट फिल्मों का दौर चरम पर था, उस वक्त को पर्दे पर बखूबी उतारा गया...","3.5"
"स्टूडेंट लाइफ की कुछ मीठी यादें ताजा करना चाहते हैं तो ठीक। अगर साफ-सुथरी और कुछ नया देखने की चाह लिए जाएंगे तो...","3.5"
"अगर आप कुछ नया देखने के शौकीन हैं, तो डेढ़ इश्किया आपको अपसेट नहीं करेगी। चालू मसालों को परोसने से परहेज....","4"
"करीब 4 दशक पहले बॉक्स ऑफिस पर कमाई और कामयाबी का इतिहास रच चुकी शोले अब 3डी में दर्शकों के सामने...","4.5"
"इस फिल्म को देखने के बाद जब आप थिएटर से बाहर आएंगे, तो आपकी जबान पर...","1.5"
"करीब सौ करोड़ के भारी-भरकम बजट में बनी इस फिल्म में जबर्दस्त ऐक्शन और ड्रामा तो है ही, साथ ही...","4.5"
"'बूम' जैसी फिल्म के बाद कैजाद गुस्ताद अपनी दूसरी फिल्म 'जैकपॉट' लेकर आए हैं, जिसे देखने के बाद...","1.5"
"बेशक गुरमीत ने लीक से हटकर फिल्म बनाने की पहल की, लेकिन कमजोर कहानी और सतही निर्देशन...","2"
"पिछले कुछ समय से आ रही मसाला, ऐक्शन फिल्मों के बीच क्लब 60 ऐसी फिल्म है जो कुछ अलग और नया...","3"
"शाहिद कपूर को स्क्रीन पर गजब ऐक्शन, सोनू सूद का 'दबंग' के बाद जबर्दस्त ऐक्शन और लीक से...","3.5"
"लीक से हटकर कम बजट और अपने बजट में फिट स्टार्स को लेकर बॉक्स ऑफिस पर कई हिट फिल्में बना चुके डायरेक्टर...","4"
"अनिल शर्मा की इस फिल्म में आपको एक बार फिर वैसा ही सब कुछ नजर आएगा, जो आप बरसों से देखते आ रहे हैं...","4.5"
"दिल्ली की बिंदास पंजाबी लड़की के किरदार में करीना पूरी तरह फिट नजर आती हैं। इमरान खान एक बार फिर उसी अंदाज...","3"
"बरसों बाद सिल्वर स्क्रीन पर बेहतरीन मुजरा और कंगना का शानदार अभिनय इस फिल्म में देखने लायक...","2.5"
"रणवीर सिंह और दीपिका पादुकोण स्टारर 'राम-लीला' में खूब मसाला है। दीपिका का बोल्ड अंदाज...","4"
"फिल्म के प्रमोशन में रामू ने बार-बार दोहराते हैं कि 'सत्या-2' अंडरवर्ल्ड पर बनीं उनकी पिछली फिल्मों से हटकर...","2"
"कृष की रिलीज से पहले हर कोई हैरान था। इस दौर में जब बैनर अपनी पिछली सुपरहिट फिल्म का रीमेक...","4.5"
"एक राज्य के मुख्यमंत्री के खिलाफ दर्ज रेप केस पर बनी इस फिल्म को विवादों से दूर रखने के लिए काल्पनिक बताया...","2.5"
"इस फिल्म को रिलीज से पहले कॉमिडी फिल्म की तरह प्रमोट किया गया, पर इसे कॉमिडी सोचकर देखने न जाएं...","3"
"अगर आपको रियल स्टोरी पर बनी फिल्में पसंद हैं, तो शाहिद आपके लिए है। जेल की कोठरी से ऐडवोकेट बनने का...","3.5"
"अक्षय 'बॉस' में एक बार फिर वही करते नजर आते हैं, जो उनके फैंस उनसे चाहते हैं। 'बॉस' भी साउथ की एक फिल्म का रीमेक...","3"
"फिल्म को डायरेक्ट कर रहे फराज हैदर ने बतौर निर्देशक अपनी पहली फिल्म बनाने के लिए सब्जेक्ट...","2"
"इतनी कम अवधि की फिल्म में भी डायरेक्टर ने शक और डबल रोल जैसे बरसों 
पुराने फॉर्म्युले...","2"
"सलमान को 'दबंग' बनाने वाले अभिनव कश्यप अब रणबीर कपूर को 'बेशरम' बनाकर पर्दे पर लाए हैं। 3700 से ज्यादा...","2"
"शाहिद और इलियाना स्टारर फिल्म 'फटा पोस्टर निकला हीरो' के चर्चे तो बड़े हैं, लेकिन इस फिल्म में वाकई...","2.5"
"करीब डेढ़ घंटे की इस फिल्म की कहानी किसी भी कॉमन मैन की हो सकती है। कहानी के साथ मुंबई के डिब्बावालों को...","2.5"
"अगर बोल्ड डबल मीनिंग चुटकुले सुनने के शौकीन हैं, तो आप अपसेट नहीं होंगे। फैमिली क्लास के लिए...","1.5"
"अगर आप लीक से हटकर बनी डार्क सस्पेंस थ्रिलर फिल्मों के शौकीन हैं, तो शायद अपसेट न हों, लेकिन...","2"
"यंगस्टर्स और हर बार कुछ नया देखने वाली क्लास के साथ मजेदार एंटरटेनमेंट की चाह रखने वाले लोगों को शुद्ध देसी...","2"
"चार दशक पहले आई अमिताभ बच्चन की चर्चित भूमिका वाली फिल्म जंजीर के रीमेक में रामचरण तेजा कितना...","2"
"अगर आप भ्रष्टाचार के खिलाफ 'सत्याग्रह' में शामिल होने को बेताब हैं तो फिल्म आपके लिए है। फिल्म में ऐसा मेसेज है...","2.5"
"अगर आप इंडियन सिनेमा में होते बढ़िया बदलाव को देखना चाहते हैं, तो 'मद्रास कैफे' मिस न करें, लेकिन अगर...","2.5"
"अक्षय, सोनाक्षी और इमरान की तिकड़ी ने फिल्म के जरिए धमाल मचाया है या निराश किया है, पढ़ें रिव्यू...","2"
"शाहरुख-दीपिका की रोमांटिक लव स्टोरी 'चेन्नई एक्सप्रेस' मस्त है या फिर बोर, देखने से पहले पढ़ें इस फिल्म का रिव्यू...","2"
"बरसों पहले कामयाबी का रेकॉर्ड बना चुकीं 'आरजू', 'गीत', 'आंखें' जैसी फिल्मों के मेकर रामानंद की...","1.5"
"मोहन सिक्का के कहानी संग्रह 'डेल्ही न्वॉर' की एक कहानी पर बेस इस फिल्म में लव मेकिंग सींस को...","2"
"पिछले कुछ टाइम से बनारस हमारे फिल्म मेकर्स को कुछ ज्यादा ही लुभाने लगा है। इंडस्ट्री के टॉप बैनर यश राज फिल्म्स ने...","2"
"इस फिल्म में बड़े स्टार्स नहीं हैं। यह फिल्म फैमिली के साथ जाकर देखने के लायक है या नहीं, पढ़ें रिव्यू...","2"
"चर्चित मॉडल-ऐक्ट्रेस पूनम पांडे ने अपनी पहली फिल्म 'नशा' में बोल्डनेस से पॉर्न स्टार सनी को पहले राउंड में पछाड़ दिया है...","1.5"
"एक छोटे से गांव में रहने वाले रघुवीर (सोनू सूद) की दुनिया उसकी इकलौती बहन सोना (श्रुति हासन) तक सिमटी है...","2.5"
"अंडरवर्ल्ड की दुनिया और रॉ एजेंट्स की जांबाजी पर बनी फिल्म 'डी-डे' में ऋषि कपूर और इरफान ने...","2.5"
"तारा बरसों से अपनी आजादी की जंग लड़ रही उन बेबस महिलाओं की कहानी है, जो शहरी चमकदमक और मीडिया...","2"
"भारत-पाक बंटवारे के दौरान जान बचाकर दिल्ली पहुंचे मिल्खा सिंह एक रिफ्यूजी कैंप में अपनी बहन से मिलते हैं और यहीं से...","3"
"रुद्रा (संजय दत्त) हैदराबाद के एक छोटे से कस्बे नागापुरम में डेप्युटी कमिश्नर ऑफ पुलिस के पद पर तैनात होता है...","2"
"पाखी के किरदार में सोनाक्षी ने उन आलोचकों को करारा जवाब दिया है, जो उसे टॉप हीरो के साथ ठुमके लगाने वाली...","2"
"संजू अपनी पत्नी नीतू के साथ मुंबई में रहता है। मिनटों में तिजोरी का ताला खोलने में माहिर संजू के साथ...","2"
"पढ़ें रिव्यू और जानें कैसी है नील नितिन मुकेश और अमीषा पटेल की ऐक्टिंग से सजी फिल्म शॉर्टकट रोमियो...","2"
"पढ़ें फिल्म का रिव्यू और जानें कैसी है कोलावेरी-डी फेम धनुष, अभय देओल और सोनम कपूर की ऐक्टिंग से...","2.5"
"आमिर खान के 'सत्यमेव जयते' शो से प्रभावित होकर विक्रम भट्ट ने डॉक्टरी लापरवाही के सच्चे हादसे पर...","2"
"दोस्तों पर बनी ज्यादातर फिल्में निर्माता से लेकर सिनेमा मालिकों के लिए फायदे का सौदा रहीं...","2.5"
"पिछली फिल्म से पूरी तरह से अलग और नई बताकर इसे प्रमोट किया गया, लेकिन इसे देखकर नहीं लगता कि...","2"
"एंटरटेनमेंट का मजेदार तड़का, सुरीला संगीत, रणबीर-दीपिका की गजब केमिस्ट्री, बेहतरीन लोकेशन...","2.5"
